{"cameraMode":{"drawMode":0,"name":"Shaded","section":"Shading Mode"},"sceneLighting":false,"audioPlay":false,"sceneViewState":{"showFog":false,"showMaterialUpdate":false,"showSkybox":false,"showFlares":false,"showImageEffects":false,"showParticleSystems":false},"in2DMode":false,"pivot":{"x":-7.347513198852539,"y":2.101104259490967,"z":44.32573318481445},"rotation":{"x":-0.008887849748134613,"y":0.29751017689704897,"z":-0.0027698546182364227,"w":-0.9546732306480408},"size":5.471562385559082,"orthographic":false}